<?xml version="1.0" encoding="UTF-8"?>
<!DOCTYPE log4j:configuration SYSTEM "log4j.dtd">
<log4j:configuration xmlns:log4j="http://jakarta.apache.org/log4j/" debug="false">
  <!-- write log to console -->
  <appender name="log4jTerminal" class="org.apache.log4j.ConsoleAppender">
    <param name="Threshold" value="DEBUG"/>
    <param name="Target" value="System.out"/>
    <layout class="org.apache.log4j.PatternLayout">
      <param name="ConversionPattern" value="%d{HH:mm:ss} %-5p [%c{1}] %m%n"/>
    </layout>
  </appender>

  <!-- write log to local file  -->  
  <!-- <appender name="log4jLogDebug" class="org.apache.log4j.RollingFileAppender">   -->
  <appender name="log4jLogDebug" class="org.apache.log4j.FileAppender">
    <param name="File" value="/mnt/f/tmp/log4j.log"/>  
    <param name="Append" value="false"/>  
    <!-- <param name="MaxFileSize" value="10KB"/>   -->
    <!-- <param name="MaxBackupIndex" value="2"/>   -->
    <layout class="org.apache.log4j.PatternLayout">  
      <param name="ConversionPattern" value="%d{HH:mm:ss} %-5p [%c{1}] %m%n"/>
    </layout>  
    <filter class="org.apache.log4j.varia.LevelRangeFilter">  
      <param name="LevelMin" value="DEBUG"/>  
      <!-- <param name="LevelMax" value="DEBUG"/> -->
    </filter>  
  </appender>  


  <appender name="log4jLogInfo" class="org.apache.log4j.RollingFileAppender">  
    <param name="File" value="/mnt/f/tmp/log4jInfo.log"/>  
    <param name="Append" value="true"/>  
    <param name="MaxFileSize" value="10KB"/>  
    <param name="MaxBackupIndex" value="2"/>  
    <layout class="org.apache.log4j.PatternLayout">  
      <param name="ConversionPattern" value="%d{HH:mm:ss} %-5p [%c{1}] %m%n"/>
    </layout>  
    <filter class="org.apache.log4j.varia.LevelRangeFilter">  
      <param name="LevelMin" value="INFO"/>  
      <param name="LevelMax" value="INFO"/>  
    </filter>  
  </appender>  

  <!-- prohibit hadoop output debug information -->
  <category name="org.apache.hadoop">  
    <priority value="info" />
	<!-- <appender-ref ref="log4jLogInfo" /> -->
    <appender-ref ref="log4jLogDebug" />  
  </category>  

  <root>
    <level value="DEBUG"/> 
    <appender-ref ref="log4jLogDebug"/>
    <!-- <level value="WARN"/> -->
    <appender-ref ref="log4jTerminal"/>
  </root>
</log4j:configuration>
